﻿<?xml version="1.0" encoding="utf-8"?>
<HelpTOC>

  <HelpTOCNode Id="5316fcf8-9312-4b97-ad1a-374db5a521fd" Title="CUBRID.Data.CUBRIDClient Namespace" Url="html/1716cd2d-cd9f-698c-ab40-b56c274ed736.htm">
    <HelpTOCNode Title="CASFunctionCode Enumeration" Url="html/b3a6f5c2-b5da-b7ba-39a7-cada21817b9d.htm" />
    <HelpTOCNode Id="cbe9a0ac-eb14-4399-a000-928c262ad975" Title="ColumnMetaData Class" Url="html/1041745f-4a50-dce1-c3aa-d72f075657bf.htm">
      <HelpTOCNode Title="ColumnMetaData Members" Url="html/1b8d6c59-3498-f7b6-fd60-87c4f7297a6a.htm" />
      <HelpTOCNode Id="88ba7046-6d88-4453-baff-006edd677061" Title="ColumnMetaData Methods" Url="html/109c70eb-47a9-1cae-8dae-b0141594d817.htm">
        <HelpTOCNode Title="ToString Method " Url="html/f9db5e45-147e-915f-e151-dfc70b6fb5cd.htm" />
      </HelpTOCNode>
      <HelpTOCNode Id="5c5d076e-9cc3-47b6-ba4a-1157c10ed61e" Title="ColumnMetaData Properties" Url="html/1d855b73-10b8-40d4-d677-3cef0171e573.htm">
        <HelpTOCNode Title="DefaultValue Property " Url="html/c92d8d31-0588-cd19-1b27-88bdc0291e91.htm" />
        <HelpTOCNode Title="IsAutoIncrement Property " Url="html/61cb527a-9389-f226-acce-9255f93c8253.htm" />
        <HelpTOCNode Title="IsForeignKey Property " Url="html/9b482568-aa13-1d40-0955-4bf21385e8db.htm" />
        <HelpTOCNode Title="IsNullable Property " Url="html/caae07d8-c306-5bb2-ce05-0df37d62da5a.htm" />
        <HelpTOCNode Title="IsPrimaryKey Property " Url="html/036e754b-bd1a-876d-9cfc-1e5f741a5b66.htm" />
        <HelpTOCNode Title="IsReverseIndex Property " Url="html/4d87320d-80cb-a59c-e338-d13820735131.htm" />
        <HelpTOCNode Title="IsReverseUnique Property " Url="html/7a7f494a-4adb-db53-c9ac-ae0efae65a03.htm" />
        <HelpTOCNode Title="IsShared Property " Url="html/dd2b999c-1e23-1b3b-18a4-8a404d6e4a15.htm" />
        <HelpTOCNode Title="IsUniqueKey Property " Url="html/26a1b025-035a-dd87-7f1e-90e9de651f59.htm" />
        <HelpTOCNode Title="Name Property " Url="html/796a4750-e116-70e1-f25e-14150242bef5.htm" />
        <HelpTOCNode Title="Precision Property " Url="html/e457df41-2fce-7691-d618-87a7ee620fe0.htm" />
        <HelpTOCNode Title="RealName Property " Url="html/64d2f0e5-20c1-a575-a7c0-f8682d235935.htm" />
        <HelpTOCNode Title="Scale Property " Url="html/50511216-cedd-f789-00ad-d570a711fff4.htm" />
        <HelpTOCNode Title="Table Property " Url="html/d6269e84-8a21-3c11-2e9f-8b1799c61ac8.htm" />
        <HelpTOCNode Title="Type Property " Url="html/a676d15c-2a50-1157-5b1a-09e748701a07.htm" />
      </HelpTOCNode>
    </HelpTOCNode>
    <HelpTOCNode Id="5aa6cf10-c01d-4614-b80f-35c537ae0a2c" Title="CUBRIDBatchResult Class" Url="html/f6191509-a57c-0992-d1e3-d6cf2a678960.htm">
      <HelpTOCNode Title="CUBRIDBatchResult Members" Url="html/34637819-cedf-01f1-3f24-4d482f95efba.htm" />
      <HelpTOCNode Title="CUBRIDBatchResult Constructor " Url="html/efba292b-b44c-383f-e6f8-6a66a884d2a5.htm" />
      <HelpTOCNode Id="6d286734-8185-468c-a37f-15262af30ddf" Title="CUBRIDBatchResult Methods" Url="html/ae8a704e-b549-a462-b903-c9e42938c8ff.htm">
        <HelpTOCNode Title="Count Method " Url="html/010a5c18-bfc6-3ea6-4f10-e85863c75d67.htm" />
        <HelpTOCNode Title="getErrorCodes Method " Url="html/7c7fe37b-4a81-bd35-f7a5-78716bfff9d3.htm" />
        <HelpTOCNode Title="getErrorFlag Method " Url="html/f2f2b997-1261-a610-df2b-bbd23dc0206b.htm" />
        <HelpTOCNode Title="getErrorMessages Method " Url="html/58e75019-f1f3-fabc-47ba-7d15f0a34ab1.htm" />
        <HelpTOCNode Title="getResults Method " Url="html/843483cc-1efa-0cdf-ed37-59dd909d56ae.htm" />
        <HelpTOCNode Title="getStatementTypes Method " Url="html/49a8889e-ac5c-603f-6b42-d522c8b0fc0a.htm" />
      </HelpTOCNode>
    </HelpTOCNode>
    <HelpTOCNode Id="a5e0aeb4-9794-489c-a345-5540f9fa4cbb" Title="CUBRIDBlob Class" Url="html/c349bb68-67f2-b02d-1c59-f6b4b1a31113.htm">
      <HelpTOCNode Title="CUBRIDBlob Members" Url="html/dace833e-3311-693a-d352-d3b8a9ce26a7.htm" />
      <HelpTOCNode Id="9bb0ec11-1c37-43d9-acda-c26b5bcfcc2a" Title="CUBRIDBlob Constructor " Url="html/36c18a02-bb19-6293-0521-9abd67e8998a.htm">
        <HelpTOCNode Title="CUBRIDBlob Constructor " Url="html/ed278c42-6f80-26f7-548c-48c55e6a531c.htm" />
        <HelpTOCNode Title="CUBRIDBlob Constructor (CUBRIDConnection)" Url="html/e40d8228-123e-825f-8fcb-c9b2976a33ec.htm" />
        <HelpTOCNode Title="CUBRIDBlob Constructor (Byte[], Int32, Int32, Int32, CUBRIDConnection)" Url="html/06eff9f7-c486-775b-e484-6ac7864c7bba.htm" />
      </HelpTOCNode>
      <HelpTOCNode Id="18c32ef8-787b-40be-a06c-29431922cd56" Title="CUBRIDBlob Methods" Url="html/51628c63-9b11-2514-2a76-d581628c427d.htm">
        <HelpTOCNode Title="getBytes Method " Url="html/c25f20c4-c533-be6a-e5a4-63ac8cc83d67.htm" />
        <HelpTOCNode Title="getPackedLobHandle Method " Url="html/faaaeef8-a33d-e9f0-31c2-4244315fb400.htm" />
        <HelpTOCNode Title="setBytes Method " Url="html/293abfb2-9af3-94fb-0fe1-86cc36dc3b5d.htm" />
      </HelpTOCNode>
      <HelpTOCNode Id="7aea93ed-09ca-4658-85da-19d980c6af88" Title="CUBRIDBlob Properties" Url="html/62af8e2b-6998-3594-30b8-93727c4c3b69.htm">
        <HelpTOCNode Title="BlobLength Property " Url="html/016b4e20-0e0e-a0c9-4a7b-50753e152e7a.htm" />
      </HelpTOCNode>
    </HelpTOCNode>
    <HelpTOCNode Id="bd695c40-d951-453f-b4cf-270ff3f527fa" Title="CUBRIDClientFactory Class" Url="html/fea6a5f8-e8af-cc30-4d6b-6d923f06363e.htm">
      <HelpTOCNode Title="CUBRIDClientFactory Members" Url="html/93a35c20-27d5-3c8f-6c22-fd195e3841fd.htm" />
      <HelpTOCNode Title="CUBRIDClientFactory Constructor " Url="html/d723f985-259e-1da2-765b-e71e16b26352.htm" />
      <HelpTOCNode Id="1865a595-c52d-4939-b69c-3f83bf7cee00" Title="CUBRIDClientFactory Fields" Url="html/5d93a3d1-b3b0-7ab3-3cc8-503f2d27271a.htm">
        <HelpTOCNode Title="Instance Field" Url="html/bb605a29-298e-54de-68ae-890943089a90.htm" />
      </HelpTOCNode>
      <HelpTOCNode Id="0d2e7cef-1f52-442e-a49e-3d289e8291c1" Title="CUBRIDClientFactory Methods" Url="html/861c2d23-1a4d-6ce7-9bed-6dcebe8acb3e.htm">
        <HelpTOCNode Title="CreateCommand Method " Url="html/b8e731f5-82d7-ea10-a230-f3eac1de63f2.htm" />
        <HelpTOCNode Title="CreateCommandBuilder Method " Url="html/96bf11ea-bb48-c26d-10a4-b4cb17aa93a1.htm" />
        <HelpTOCNode Title="CreateConnection Method " Url="html/81fbba49-6e8c-47fc-7ec1-58caffc7bf85.htm" />
        <HelpTOCNode Title="CreateConnectionStringBuilder Method " Url="html/79344f8e-4baf-6059-372e-1c14c61c1cfb.htm" />
        <HelpTOCNode Title="CreateDataAdapter Method " Url="html/7ce8bdc4-a558-8253-ea0b-5b6fc550b173.htm" />
        <HelpTOCNode Title="CreateParameter Method " Url="html/ad22547c-146f-1df9-0972-431105fa4acc.htm" />
      </HelpTOCNode>
      <HelpTOCNode Id="b758646d-1c50-411b-bdd6-9a015f330c31" Title="CUBRIDClientFactory Properties" Url="html/78cf4b6b-ea8f-e8da-dc6b-11f1768e0e99.htm">
        <HelpTOCNode Title="CanCreateDataSourceEnumerator Property " Url="html/6917b1b4-3da4-ec73-a417-45b0708e55b2.htm" />
      </HelpTOCNode>
    </HelpTOCNode>
    <HelpTOCNode Id="387d6a5b-591d-4c3a-b59d-16f7d4408976" Title="CUBRIDClob Class" Url="html/80fc1261-c97b-bad7-65ae-d6c2053e3703.htm">
      <HelpTOCNode Title="CUBRIDClob Members" Url="html/baf01fa9-225a-18a0-18f1-84038854263f.htm" />
      <HelpTOCNode Id="94918b3a-5b4b-46a4-b223-7346a86654e1" Title="CUBRIDClob Constructor " Url="html/63e1562c-d02b-6412-01fb-6e51d15accda.htm">
        <HelpTOCNode Title="CUBRIDClob Constructor " Url="html/013305eb-b349-7ff1-2164-140c1ce16c00.htm" />
        <HelpTOCNode Title="CUBRIDClob Constructor (CUBRIDConnection)" Url="html/71e83d93-adbf-1978-9ed3-1532701e392c.htm" />
        <HelpTOCNode Title="CUBRIDClob Constructor (Byte[], Int32, Int32, Int32, CUBRIDConnection)" Url="html/efa9d151-9147-35c7-20ed-fb6771abbb3b.htm" />
      </HelpTOCNode>
      <HelpTOCNode Id="2fd30a60-85fc-4163-80da-1fb980dd08fa" Title="CUBRIDClob Methods" Url="html/1586232b-c8c5-75be-5bd8-c7b0ad4dc2e8.htm">
        <HelpTOCNode Title="getPackedLobHandle Method " Url="html/abb80f75-e52d-8b50-5148-cb781e2898e8.htm" />
        <HelpTOCNode Title="getString Method " Url="html/4c303769-a785-6686-6658-7e35e50f475b.htm" />
        <HelpTOCNode Title="setString Method " Url="html/1d78f053-bf0c-ad9c-4601-f9fae4caafe1.htm" />
      </HelpTOCNode>
      <HelpTOCNode Id="37cb1c02-1323-460f-8680-91f57da5bf87" Title="CUBRIDClob Properties" Url="html/b4421d59-193b-75f7-764b-2d7c85493275.htm">
        <HelpTOCNode Title="ClobLength Property " Url="html/a6649a41-675a-a13c-f59d-ec80abbde710.htm" />
      </HelpTOCNode>
    </HelpTOCNode>
    <HelpTOCNode Id="ed4d4c63-4dc8-4c4c-83d1-db15d5422046" Title="CUBRIDCommand Class" Url="html/00091515-a935-f3e6-b4c2-d516d578c032.htm">
      <HelpTOCNode Title="CUBRIDCommand Members" Url="html/b6c6ee18-e3ac-c6ab-3745-7b5fd5a1ee11.htm" />
      <HelpTOCNode Id="b8cdfee1-e682-4f95-9c95-372d60bd132a" Title="CUBRIDCommand Constructor " Url="html/8f2be17f-8578-6063-699b-c8454750a454.htm">
        <HelpTOCNode Title="CUBRIDCommand Constructor " Url="html/27d26b3a-e5c0-fec0-88c0-eb42df056430.htm" />
        <HelpTOCNode Title="CUBRIDCommand Constructor (String)" Url="html/6d4000d2-27d6-cd2e-0dd0-f843a0ae0293.htm" />
        <HelpTOCNode Title="CUBRIDCommand Constructor (String, CUBRIDConnection)" Url="html/b2dbc9c7-5369-189b-8522-5b08ec1a6d7e.htm" />
        <HelpTOCNode Title="CUBRIDCommand Constructor (CUBRIDConnection, Int32)" Url="html/916a87f2-51f1-3de6-199f-c48ae91d2906.htm" />
        <HelpTOCNode Title="CUBRIDCommand Constructor (String, CUBRIDConnection, CUBRIDTransaction)" Url="html/c15197b4-00a6-500d-0666-1b27168642c9.htm" />
      </HelpTOCNode>
      <HelpTOCNode Id="fe0ef43b-ffe8-4f0d-bbb6-f4e0c224e5c6" Title="CUBRIDCommand Fields" Url="html/9b183aad-1618-e1fd-faf7-3320527ffb8c.htm">
        <HelpTOCNode Title="columnInfos Field" Url="html/e9bafac4-9d1f-3668-6f90-50f05121d343.htm" />
      </HelpTOCNode>
      <HelpTOCNode Id="5de14083-fc07-4138-a54b-8ccfca5872c7" Title="CUBRIDCommand Methods" Url="html/9d46f6d3-0fc5-2d37-cf77-11915a834df1.htm">
        <HelpTOCNode Title="ICloneable.Clone Method " Url="html/a54b86de-446c-e8ea-4763-d319a9aa6221.htm" />
        <HelpTOCNode Title="Cancel Method " Url="html/a3a61354-4616-9262-81c1-7e8f411c587e.htm" />
        <HelpTOCNode Title="Clone Method " Url="html/6386931f-1d3f-45e1-6c48-fba803d490d2.htm" />
        <HelpTOCNode Title="Close Method " Url="html/0963eae0-8859-163a-7fd7-cf77f9319c49.htm" />
        <HelpTOCNode Title="CreateDbParameter Method " Url="html/96eb1583-e05d-2b56-96c3-9b7ead5c5f06.htm" />
        <HelpTOCNode Id="fea044a3-ef24-4a18-b4b6-b02000de997e" Title="Dispose Method " Url="html/a029d452-aa60-d670-df0a-de81476df470.htm">
          <HelpTOCNode Title="Dispose Method (Boolean)" Url="html/8f369cca-5cec-6d63-575e-600180e66016.htm" />
        </HelpTOCNode>
        <HelpTOCNode Title="ExecuteDbDataReader Method " Url="html/8397aa52-d101-9094-9b79-b850a2ef0718.htm" />
        <HelpTOCNode Title="ExecuteNonQuery Method " Url="html/dcab3eeb-0612-9071-021b-fe7a8ddbf1b3.htm" />
        <HelpTOCNode Title="ExecuteReader Method " Url="html/b7bbafff-262d-894b-6139-397e4a48e352.htm" />
        <HelpTOCNode Title="ExecuteReader Method " Url="html/43be931e-f228-eb3d-13dc-0f5909ac77f9.htm" />
        <HelpTOCNode Title="ExecuteScalar Method " Url="html/993cb701-4457-b461-4244-5d4d04cff246.htm" />
        <HelpTOCNode Title="GetGeneratedKeys Method " Url="html/c851dbc6-5317-eeb3-1f51-36991a82a031.htm" />
        <HelpTOCNode Title="MemberwiseClone Method " Url="html/545ad885-40fa-68d7-1605-9599241656dc.htm" />
        <HelpTOCNode Title="Prepare Method " Url="html/db706eb6-82f2-7b38-a63a-fa21781ab93d.htm" />
      </HelpTOCNode>
      <HelpTOCNode Id="744b1c0d-3d55-4e9b-ac77-f2ee00549fe7" Title="CUBRIDCommand Properties" Url="html/05ad45db-1a30-aac9-c11b-4593ca7cbc54.htm">
        <HelpTOCNode Title="ColumnInfos Property " Url="html/5677c74b-9e90-4155-2dad-d86406ef4b44.htm" />
        <HelpTOCNode Title="CommandText Property " Url="html/0d022dbd-9b00-4e38-e10d-0094a62f56e6.htm" />
        <HelpTOCNode Title="CommandTimeout Property " Url="html/07c5ed45-db75-1953-2144-add3e0b59419.htm" />
        <HelpTOCNode Title="CommandType Property " Url="html/40d49b0c-aa05-009b-b8e1-48afd80ada63.htm" />
        <HelpTOCNode Title="DbConnection Property " Url="html/50b3b1e0-3d08-348d-b26f-ba2ef8ed51b0.htm" />
        <HelpTOCNode Title="DbParameterCollection Property " Url="html/72204462-b651-a7c3-9c5f-fcb97fa99a70.htm" />
        <HelpTOCNode Title="DbTransaction Property " Url="html/5f150897-ab72-2805-071a-4ea66aaf693c.htm" />
        <HelpTOCNode Title="DesignTimeVisible Property " Url="html/ae51ae32-9ebe-49c0-a86b-18202bf3d211.htm" />
        <HelpTOCNode Title="IsPrepared Property " Url="html/0be70259-780a-830c-6906-a6b7b82a7524.htm" />
        <HelpTOCNode Title="Parameters Property " Url="html/0ad32c71-01b7-9554-6bf2-aa2688cf2226.htm" />
        <HelpTOCNode Title="UpdatedRowSource Property " Url="html/de1d4bf9-5625-9c95-fb51-cf30cc52653f.htm" />
      </HelpTOCNode>
      <HelpTOCNode Title="CUBRIDCommand Events" Url="html/272a587f-be06-34fe-e19d-0cfff327593c.htm" />
    </HelpTOCNode>
    <HelpTOCNode Id="869ef023-9478-4757-aa07-8f06e447bfe4" Title="CUBRIDCommandBuilder Class" Url="html/54ac4e6b-fb84-d6f3-cae9-f2c500c34dca.htm">
      <HelpTOCNode Title="CUBRIDCommandBuilder Members" Url="html/70543ad4-c84c-2014-8f87-52160c0a6695.htm" />
      <HelpTOCNode Id="e81a3fc9-71d9-4102-82a1-b00e4a2f2173" Title="CUBRIDCommandBuilder Constructor " Url="html/cb7613c1-c2a3-5a67-41b8-b49f583028a5.htm">
        <HelpTOCNode Title="CUBRIDCommandBuilder Constructor " Url="html/f53a5555-d543-cd39-b70d-68f96a6c7334.htm" />
        <HelpTOCNode Title="CUBRIDCommandBuilder Constructor (CUBRIDDataAdapter)" Url="html/d2ba2bfa-d83a-2aa5-404c-a0c7c2b3dedc.htm" />
      </HelpTOCNode>
      <HelpTOCNode Id="642ea18a-6460-4bf5-aff5-91f2d8e2150d" Title="CUBRIDCommandBuilder Methods" Url="html/4b8d93b9-b176-c8e8-3400-c07655dbbbfa.htm">
        <HelpTOCNode Title="ApplyParameterInfo Method " Url="html/b041eba1-0f5d-f373-6bb5-6dfefbd334f9.htm" />
        <HelpTOCNode Title="Dispose Method " Url="html/505a92a0-25ce-7cc2-b9d5-bdfbb4700f13.htm" />
        <HelpTOCNode Id="4c77caff-e598-4c5e-ba80-bb0c8adccecb" Title="GetDeleteCommand Method " Url="html/a889d3c7-3378-10a7-a25b-2e7115fe6d19.htm">
          <HelpTOCNode Title="GetDeleteCommand Method " Url="html/668c5517-dbe0-7b93-a186-d39fbce62141.htm" />
        </HelpTOCNode>
        <HelpTOCNode Id="e83298be-9278-4f8e-bb13-9ed1f87c089b" Title="GetInsertCommand Method " Url="html/e2076252-2258-0825-e760-2d63f8c700a5.htm">
          <HelpTOCNode Title="GetInsertCommand Method " Url="html/0809c905-9dd1-0284-d84b-df611dbc966c.htm" />
        </HelpTOCNode>
        <HelpTOCNode Id="7e811837-0a25-486e-a0ed-8e0da0a6713b" Title="GetParameterName Method " Url="html/f2b94b1a-0d83-85c5-44c9-43acd38141ed.htm">
          <HelpTOCNode Title="GetParameterName Method (Int32)" Url="html/272e6a84-a7fd-8831-7dec-5155a52ac66d.htm" />
          <HelpTOCNode Title="GetParameterName Method (String)" Url="html/92201067-4430-3b70-5468-ac3ad2026063.htm" />
        </HelpTOCNode>
        <HelpTOCNode Title="GetParameterPlaceholder Method " Url="html/5c32cc92-feb6-a5fc-d236-b39c4192e17f.htm" />
        <HelpTOCNode Id="8afde5da-7c2b-4172-86c8-f5d16ce084a4" Title="GetUpdateCommand Method " Url="html/d73f6d47-3672-70ca-8e3e-142262ec6543.htm">
          <HelpTOCNode Title="GetUpdateCommand Method " Url="html/4cd10416-1c7e-d01d-a5a2-0d8bcd1e6f92.htm" />
        </HelpTOCNode>
        <HelpTOCNode Title="MemberwiseClone Method " Url="html/bf627213-d71f-c6d1-a575-3863f0680825.htm" />
        <HelpTOCNode Title="QuoteIdentifier Method " Url="html/e6a4736e-017f-fa4f-1abc-350e6bd6aa0b.htm" />
        <HelpTOCNode Title="SetRowUpdatingHandler Method " Url="html/b5a59d27-484e-e696-c019-693f1076a74b.htm" />
        <HelpTOCNode Title="UnquoteIdentifier Method " Url="html/18a2fb03-9f79-6395-5bcd-64f1df54f28f.htm" />
      </HelpTOCNode>
      <HelpTOCNode Id="d6bce039-fb0a-4e96-aaff-41b6721cf456" Title="CUBRIDCommandBuilder Properties" Url="html/c6948964-b656-58ca-2d9b-8e06abb7a61e.htm">
        <HelpTOCNode Title="DataAdapter Property " Url="html/308a7fc9-acd7-7d65-93bc-e27d40fbba8d.htm" />
      </HelpTOCNode>
      <HelpTOCNode Title="CUBRIDCommandBuilder Events" Url="html/221df922-cb94-d79e-4883-7e2982b34e2f.htm" />
    </HelpTOCNode>
    <HelpTOCNode Id="74f50083-89a5-4a37-b9c4-d1fdf61dd14c" Title="CUBRIDConnection Class" Url="html/1b0506a9-9670-ed30-0e8c-cf20bcdc16c8.htm">
      <HelpTOCNode Title="CUBRIDConnection Members" Url="html/025dd98d-0eec-83f5-9768-69b11d5573cb.htm" />
      <HelpTOCNode Id="3c9726e6-7d13-4756-a4f7-cd5744db38b4" Title="CUBRIDConnection Constructor " Url="html/134d936a-336c-1178-42ba-0d6dd5d22027.htm">
        <HelpTOCNode Title="CUBRIDConnection Constructor " Url="html/45930f0f-abc8-e46a-06de-2ea2acd49523.htm" />
        <HelpTOCNode Title="CUBRIDConnection Constructor (String)" Url="html/bcb48dad-cf2f-8f99-1833-e032258327e5.htm" />
      </HelpTOCNode>
      <HelpTOCNode Id="9bb107bd-5eb3-489a-ab36-6c77063e1939" Title="CUBRIDConnection Methods" Url="html/ae703f95-38a9-3188-4591-0c4be654ef72.htm">
        <HelpTOCNode Title="ICloneable.Clone Method " Url="html/96494091-d463-8945-7568-1efb370572aa.htm" />
        <HelpTOCNode Title="AddElementInSequence Method " Url="html/f9108920-3677-cece-4106-ff79a6cc7fc7.htm" />
        <HelpTOCNode Title="AddElementToSet Method " Url="html/19d01c51-62c5-0bfb-a7f1-bb57bf5e8610.htm" />
        <HelpTOCNode Title="BatchExecute Method " Url="html/83fe7f9e-72ba-cc8b-7270-32a2cc359c5e.htm" />
        <HelpTOCNode Title="BatchExecuteNoQuery Method " Url="html/003a6dbc-e334-0384-625b-9072949acd3f.htm" />
        <HelpTOCNode Title="BeginDbTransaction Method " Url="html/e7911f3d-482a-5877-a453-686ce572a059.htm" />
        <HelpTOCNode Id="e75a951a-4014-4b4c-9e84-923fafe92e99" Title="BeginTransaction Method " Url="html/b5624520-39f3-7081-ae3f-c5a43875b4ee.htm">
          <HelpTOCNode Title="BeginTransaction Method " Url="html/2d3e1658-9788-acb4-7022-4d08d32ec2ab.htm" />
          <HelpTOCNode Title="BeginTransaction Method (CUBRIDIsolationLevel)" Url="html/1abf9a94-5d74-2249-c0b0-72db9bf5fdb1.htm" />
        </HelpTOCNode>
        <HelpTOCNode Title="BeginTransaction Method " Url="html/548dc567-ddc7-1b43-b860-910ba0e773f4.htm" />
        <HelpTOCNode Title="ChangeDatabase Method " Url="html/58cbbca1-8ea2-ce9c-4c52-3385cec51d75.htm" />
        <HelpTOCNode Title="Clone Method " Url="html/af6fbc4b-a8a5-5550-fb07-8675de5ed6a4.htm" />
        <HelpTOCNode Title="Close Method " Url="html/4ff0aa6b-c9ba-cbb6-e1d5-21810f4eb925.htm" />
        <HelpTOCNode Title="Commit Method " Url="html/f9a1ca12-ad43-274e-0c31-9491bb777a9e.htm" />
        <HelpTOCNode Title="CreateCommand Method " Url="html/e48ce79b-1c03-c3ca-19c4-29f886eca9a6.htm" />
        <HelpTOCNode Title="CreateDbCommand Method " Url="html/51be7024-452d-846e-d9a9-6d5797cab4ab.htm" />
        <HelpTOCNode Title="CurrentDatabase Method " Url="html/5c8cbb3a-50a7-09a9-58a6-2810ee422600.htm" />
        <HelpTOCNode Id="3ae91515-b7ad-4580-984d-3a8a4884c89e" Title="Dispose Method " Url="html/7cb5e488-e929-e2fd-88de-745097bda869.htm">
          <HelpTOCNode Title="Dispose Method (Boolean)" Url="html/edd8688f-8862-97b3-4289-21ec1d1b9912.htm" />
        </HelpTOCNode>
        <HelpTOCNode Title="DropElementInSequence Method " Url="html/b9b52704-7fff-c47e-22aa-337a83b4ce21.htm" />
        <HelpTOCNode Title="DropElementInSet Method " Url="html/55186bc5-36a0-c407-e10e-9d197003e8d1.htm" />
        <HelpTOCNode Title="GetAutoCommit Method " Url="html/36c1caf1-926f-83e3-6abb-465dbe2a3f96.htm" />
        <HelpTOCNode Title="GetCollectionSize Method " Url="html/27ec7061-b98e-d4a2-7aa8-8b42f9f60375.htm" />
        <HelpTOCNode Title="GetDatabaseProductVersion Method " Url="html/9b15ed66-ee5a-2d54-d994-60fd32e0aaa3.htm" />
        <HelpTOCNode Title="GetIsolationLevel Method " Url="html/050744c5-747a-c3ea-5c68-5e4fd95c894f.htm" />
        <HelpTOCNode Title="GetMaxStringLength Method " Url="html/43aaddd7-2bf8-f7cb-2aff-bc493acaf8ce.htm" />
        <HelpTOCNode Title="GetQueryPlanOnly Method " Url="html/544bb7ec-49c6-5c80-16e6-223ea3d21b1a.htm" />
        <HelpTOCNode Id="4fe582c8-e824-449e-8ef9-9191a0024fda" Title="GetSchema Method " Url="html/213dd106-0330-1016-3fc2-37a589a921dc.htm">
          <HelpTOCNode Title="GetSchema Method " Url="html/36f21d2f-9e39-9f5f-5907-05356803c9f7.htm" />
          <HelpTOCNode Title="GetSchema Method (String)" Url="html/614ae5bd-b788-1196-f1ea-fb0a791eb5b9.htm" />
          <HelpTOCNode Title="GetSchema Method (String, String[])" Url="html/391315f7-436e-ae37-9bb6-cbe4ac7037c7.htm" />
        </HelpTOCNode>
        <HelpTOCNode Title="GetTableNameFromOID Method " Url="html/84d1af11-aebe-2c58-c1fc-dffb8bc16941.htm" />
        <HelpTOCNode Title="InsertElementInSequence Method " Url="html/9ed98bdb-2e24-6b8a-a847-0293278b59f0.htm" />
        <HelpTOCNode Title="LOBNew Method " Url="html/435f83f2-1926-2997-0f59-0c28a8b59204.htm" />
        <HelpTOCNode Title="LOBRead Method " Url="html/247ae6e1-e6fe-b5a0-da04-7cc0bf6032f8.htm" />
        <HelpTOCNode Title="LOBWrite Method " Url="html/86344584-fa69-d08c-8262-4b91e5158979.htm" />
        <HelpTOCNode Title="MemberwiseClone Method " Url="html/09c866e7-72a3-ab74-222a-3e1d4b5b2afb.htm" />
        <HelpTOCNode Title="Open Method " Url="html/8ba428a5-eb99-5dd3-52c1-a3d1be739fc9.htm" />
        <HelpTOCNode Title="Rollback Method " Url="html/22308904-b018-3f46-fd37-9bb09de1d411.htm" />
        <HelpTOCNode Title="SetAutoCommit Method " Url="html/b45fe71b-bfc9-eec8-334d-3682e3b03084.htm" />
        <HelpTOCNode Title="SetConnectionTimeout Method " Url="html/a8ddd88d-926a-d095-13f4-d88b7b3be52c.htm" />
        <HelpTOCNode Title="SetIsolationLevel Method " Url="html/e36cd48c-dc91-f47b-29a0-a2985260d7e5.htm" />
        <HelpTOCNode Id="47c40695-788d-4fc8-a25c-cb4c140ad34c" Title="SetLockTimeout Method " Url="html/6eff61af-5580-a97f-7b3f-20ffe138e7ed.htm">
          <HelpTOCNode Title="SetLockTimeout Method " Url="html/21837bae-ff16-6f24-4b12-cad0a65838e7.htm" />
          <HelpTOCNode Title="SetLockTimeout Method (Int32)" Url="html/82f9d1c7-4a73-ac2c-5809-caa416289b80.htm" />
        </HelpTOCNode>
        <HelpTOCNode Title="SetMaxStringLength Method " Url="html/c09809f3-a5e2-e98b-7a37-a24cce0713fb.htm" />
      </HelpTOCNode>
      <HelpTOCNode Id="6404005f-7b0c-45a5-9eeb-cc545c36f153" Title="CUBRIDConnection Properties" Url="html/b5450350-24ba-aa97-d0ef-f8ae4c89613b.htm">
        <HelpTOCNode Title="AutoCommit Property " Url="html/e213e09c-032f-961f-6544-cddd2972f502.htm" />
        <HelpTOCNode Title="ConnectionString Property " Url="html/01d898ea-ece1-4458-1e11-f790af91b735.htm" />
        <HelpTOCNode Title="ConnectionTimeout Property " Url="html/74f67bc0-65d5-de61-cc71-1309bf2a365e.htm" />
        <HelpTOCNode Title="Database Property " Url="html/b08bc6d6-b8fb-25f4-17b9-e75351dc1c7d.htm" />
        <HelpTOCNode Title="DataSource Property " Url="html/279fac34-f95e-76fa-8f13-f055efb1df12.htm" />
        <HelpTOCNode Title="DbProviderFactory Property " Url="html/48df05ee-7e2d-09a2-6b4c-1ad15aa91550.htm" />
        <HelpTOCNode Title="DBVersion Property " Url="html/1113546a-f653-cf7a-7027-314f455e2acb.htm" />
        <HelpTOCNode Title="IsolationLevel Property " Url="html/3a5b3092-d93d-43b6-62eb-51673345dfb5.htm" />
        <HelpTOCNode Title="LockTimeout Property " Url="html/b2e0d04d-60e8-4c9a-23fc-9f6158439b6a.htm" />
        <HelpTOCNode Title="MaxStringLength Property " Url="html/5a150149-3860-3975-069e-2699dac2b170.htm" />
        <HelpTOCNode Title="SchemaProvider Property " Url="html/2c32aa3f-8e78-1136-48a8-7d1fe8344a7f.htm" />
        <HelpTOCNode Title="ServerVersion Property " Url="html/20bb666e-a769-daa8-369b-5b3d140dba78.htm" />
        <HelpTOCNode Title="SessionId Property " Url="html/916ba49f-35af-d192-3347-a351466243c2.htm" />
        <HelpTOCNode Title="State Property " Url="html/2e0a5539-a4a9-60b1-c17e-c2540e4eb83a.htm" />
      </HelpTOCNode>
      <HelpTOCNode Title="CUBRIDConnection Events" Url="html/13ab69e7-23f0-5af2-1e31-c5bff2bf1537.htm" />
    </HelpTOCNode>
    <HelpTOCNode Id="a4108e50-3287-4059-a39d-bfc88cf3b543" Title="CUBRIDConnection.CUBRIDInfoMessageEventArgs Class" Url="html/0ceab8a2-46e1-da7c-5c93-1264038ab54f.htm">
      <HelpTOCNode Title="CUBRIDConnection.CUBRIDInfoMessageEventArgs Members" Url="html/613e3a0b-adae-6295-0cb0-8a8f25169a1a.htm" />
      <HelpTOCNode Title="CUBRIDConnection.CUBRIDInfoMessageEventArgs Constructor " Url="html/bf76b9c3-9412-ba7c-6962-474efc2d35b9.htm" />
      <HelpTOCNode Id="2d6273e7-fe10-4e0e-84de-41c60cc88ddd" Title="CUBRIDConnection.CUBRIDInfoMessageEventArgs Fields" Url="html/08c93fc9-20b0-51ca-fe3e-499561ea304c.htm">
        <HelpTOCNode Title="errors Field" Url="html/6ee98b58-8d9d-8a6e-65c8-5aaf2b223a5c.htm" />
      </HelpTOCNode>
      <HelpTOCNode Title="CUBRIDConnection.CUBRIDInfoMessageEventArgs Methods" Url="html/6b826e8c-4c77-1d0d-f9b6-056a7b7f1e43.htm" />
    </HelpTOCNode>
    <HelpTOCNode Title="CUBRIDConnection.CUBRIDInfoMessageEventHandler Delegate" Url="html/8ebba64f-6c1f-3636-b6d0-12fd15ab63e3.htm" />
    <HelpTOCNode Id="fda3974f-fb0b-439b-8f59-f9467ee47748" Title="CUBRIDConnectionStringBuilder Class" Url="html/a093b61e-d064-4f4e-b007-73bc601c564c.htm">
      <HelpTOCNode Title="CUBRIDConnectionStringBuilder Members" Url="html/02b2a770-efcd-2ee6-ef07-69701938248a.htm" />
      <HelpTOCNode Id="97d7f807-9e21-4fc4-926d-e6ba6f8c27e8" Title="CUBRIDConnectionStringBuilder Constructor " Url="html/681dd6b6-e567-9e18-fc09-5f8d88157cf1.htm">
        <HelpTOCNode Title="CUBRIDConnectionStringBuilder Constructor " Url="html/30d6fa65-b55b-48b5-742a-da695b83c6b2.htm" />
        <HelpTOCNode Title="CUBRIDConnectionStringBuilder Constructor (String)" Url="html/9c8aed0d-0159-8766-df77-637264db96d7.htm" />
        <HelpTOCNode Title="CUBRIDConnectionStringBuilder Constructor (String, String, String, String)" Url="html/e5b15479-f58e-5c76-bd96-a2153fc1446a.htm" />
        <HelpTOCNode Title="CUBRIDConnectionStringBuilder Constructor (String, Int32, String, String, String)" Url="html/ca20759b-18c3-ac29-42fc-55d225d5a558.htm" />
        <HelpTOCNode Title="CUBRIDConnectionStringBuilder Constructor (String, String, String, String, String)" Url="html/c3334190-1ae1-0ce4-975f-fb735736ae86.htm" />
      </HelpTOCNode>
      <HelpTOCNode Id="8f59c947-0245-43ee-ba86-9e2039a0ea05" Title="CUBRIDConnectionStringBuilder Methods" Url="html/24a91f45-dbb7-1250-1dc5-7571dcbbf4d1.htm">
        <HelpTOCNode Title="Finalize Method " Url="html/d92c3866-3256-b957-af1f-c114262168a3.htm" />
        <HelpTOCNode Title="GetConnectionString Method " Url="html/acb56401-e06a-f8c7-4e55-56f9ecda5bfb.htm" />
        <HelpTOCNode Title="GetEvents Method " Url="html/7b78795b-912d-cf43-678c-76454499a83f.htm" />
        <HelpTOCNode Title="GetProperties Method " Url="html/c47bdfcf-8dcb-3953-8cc0-2e4302d6af4f.htm" />
      </HelpTOCNode>
      <HelpTOCNode Id="89c99f84-4177-4a39-a766-272265f0418b" Title="CUBRIDConnectionStringBuilder Properties" Url="html/e5f597d1-ce76-d26e-503d-b49649b49787.htm">
        <HelpTOCNode Title="Database Property " Url="html/0a857bd5-9cde-16d4-a520-ca87230abd58.htm" />
        <HelpTOCNode Title="Encoding Property " Url="html/08e17fb0-1973-e234-4042-ae1ebdab5b6c.htm" />
        <HelpTOCNode Title="Password Property " Url="html/4fc20415-5643-7cee-3bbe-f61f24578315.htm" />
        <HelpTOCNode Title="Port Property " Url="html/614fce06-2ed8-0808-a3cd-b2d1a1e8c49a.htm" />
        <HelpTOCNode Title="Server Property " Url="html/d9e47b2b-1fbc-fa21-d990-070c9342c51e.htm" />
        <HelpTOCNode Title="User Property " Url="html/e8e2caad-c162-af35-5de3-beac1dec9df4.htm" />
      </HelpTOCNode>
    </HelpTOCNode>
    <HelpTOCNode Id="389cb639-9d42-4d1f-9fce-3ab3095ad48f" Title="CUBRIDDataAdapter Class" Url="html/b829f912-c0e7-993e-8dbb-244dd0cf7b46.htm">
      <HelpTOCNode Title="CUBRIDDataAdapter Members" Url="html/0f22c5d7-11e3-eab0-c2a6-8af1d9fac1c1.htm" />
      <HelpTOCNode Id="0f5791e1-2ab2-40c4-89cb-c93570e15bbb" Title="CUBRIDDataAdapter Constructor " Url="html/c12c5c42-00f2-9adf-737a-296830ff70ac.htm">
        <HelpTOCNode Title="CUBRIDDataAdapter Constructor " Url="html/f6cdd0d9-131e-dd1e-7e9c-853988ab6e97.htm" />
        <HelpTOCNode Title="CUBRIDDataAdapter Constructor (CUBRIDCommand)" Url="html/cef793f1-a228-632f-523a-466142cde474.htm" />
        <HelpTOCNode Title="CUBRIDDataAdapter Constructor (String, CUBRIDConnection)" Url="html/d89cb08b-c1a4-1af8-6eb5-f5180d913f93.htm" />
        <HelpTOCNode Title="CUBRIDDataAdapter Constructor (String, String)" Url="html/d00c0e24-f55f-0914-9188-3df59ca4488a.htm" />
      </HelpTOCNode>
      <HelpTOCNode Id="88ae822c-0753-4739-8cc2-cab50af92a7b" Title="CUBRIDDataAdapter Methods" Url="html/d2d5f8d5-9462-d148-e073-0a2b8e81df96.htm">
        <HelpTOCNode Title="CreateRowUpdatedEvent Method " Url="html/f3a99c4e-635d-58a8-f8ea-fcf9496370bd.htm" />
        <HelpTOCNode Title="CreateRowUpdatingEvent Method " Url="html/8d22f633-9fd3-aa1e-cd3c-d9dbd7349156.htm" />
        <HelpTOCNode Title="Dispose Method " Url="html/9c28e65b-3ea5-5f81-8131-8eb3d227c905.htm" />
        <HelpTOCNode Title="Fill Method " Url="html/47ee9973-5327-88ba-a420-961966b0c8c0.htm" />
        <HelpTOCNode Title="FillSchema Method " Url="html/e0121b64-576e-e37d-f21f-91592e9266e6.htm" />
        <HelpTOCNode Title="MemberwiseClone Method " Url="html/90daae0a-1f70-3043-c790-5e08249243fb.htm" />
        <HelpTOCNode Title="OnRowUpdated Method " Url="html/663bc73e-bee6-a7af-8344-56138ea9c3ca.htm" />
        <HelpTOCNode Title="OnRowUpdating Method " Url="html/5fc792fd-cbf4-52f4-6b55-555481893fd0.htm" />
        <HelpTOCNode Title="Update Method " Url="html/379bea39-96c0-d8e5-c6bf-7f309dfc9a5d.htm" />
      </HelpTOCNode>
      <HelpTOCNode Id="abc1dfe3-eac9-42b7-83f7-6ff26684d1fc" Title="CUBRIDDataAdapter Properties" Url="html/ac94390e-22e9-d59a-da93-ea18e9b5fed1.htm">
        <HelpTOCNode Title="DeleteCommand Property " Url="html/a3b7b6c7-d12c-19b6-20bb-ae8c44292f7a.htm" />
        <HelpTOCNode Title="InsertCommand Property " Url="html/91edf193-7901-e7de-1207-560b6b2b045c.htm" />
        <HelpTOCNode Title="SelectCommand Property " Url="html/f53bc947-26fa-d3e8-87b6-fdbdc7fdfc5e.htm" />
        <HelpTOCNode Title="UpdateBatchSize Property " Url="html/bdb99134-8897-64e2-0e59-46a1f40f1b1c.htm" />
        <HelpTOCNode Title="UpdateCommand Property " Url="html/bbc64cc9-449a-ae2f-df16-82f974f90023.htm" />
      </HelpTOCNode>
      <HelpTOCNode Id="d3ca840d-2a2a-42f5-848e-eccc60aee9b0" Title="CUBRIDDataAdapter Events" Url="html/7f2dd104-94a5-f2ac-8a89-688159f20afb.htm">
        <HelpTOCNode Title="RowUpdated Event" Url="html/6b3426d8-2970-b416-8571-7d481f793724.htm" />
        <HelpTOCNode Title="RowUpdating Event" Url="html/5aa7f50e-a11a-38da-6cfb-25b355787e70.htm" />
      </HelpTOCNode>
    </HelpTOCNode>
    <HelpTOCNode Id="4b1acabd-2b8d-41f5-a7d2-27a26002d4e8" Title="CUBRIDDataReader Class" Url="html/4d0a4cd3-4ac2-07d9-67db-097a8eb850ef.htm">
      <HelpTOCNode Title="CUBRIDDataReader Members" Url="html/136efcab-36b9-d5e8-8ea7-5a2bf4f3be0a.htm" />
      <HelpTOCNode Id="ba28fb5e-3127-4f9e-b19f-25ffa91c272e" Title="CUBRIDDataReader Methods" Url="html/586d84c3-7ad6-fc3a-77a9-c4e22749f6b7.htm">
        <HelpTOCNode Title="IDataRecord.GetData Method " Url="html/17ebda54-97ea-491a-8141-f1fdc515cde1.htm" />
        <HelpTOCNode Title="Close Method " Url="html/efba16b8-a2de-534c-fc93-b7c315e10821.htm" />
        <HelpTOCNode Id="5e11f13c-9e56-49c8-bf0f-0d2807334204" Title="Dispose Method " Url="html/78660a6f-ebb0-eb82-ddd0-75858671ef1f.htm">
          <HelpTOCNode Title="Dispose Method (Boolean)" Url="html/ecb09351-affa-3fb9-2a3d-2bff3826635c.htm" />
        </HelpTOCNode>
        <HelpTOCNode Title="GetArray Method " Url="html/2332830a-c998-e468-8b71-24f2cf30167b.htm" />
        <HelpTOCNode Title="GetBoolean Method " Url="html/ffdadff9-5566-1f4c-89db-47b39163cc29.htm" />
        <HelpTOCNode Title="GetByte Method " Url="html/5dcf99cf-148c-b3e1-5b5f-bb72470af5d3.htm" />
        <HelpTOCNode Title="GetBytes Method " Url="html/05a675b2-8f47-a433-9104-f36d6097e34b.htm" />
        <HelpTOCNode Title="GetChar Method " Url="html/fad3c2af-1b42-9b53-05fc-e013adf66175.htm" />
        <HelpTOCNode Title="GetChars Method " Url="html/2f8b447f-7a92-b534-c742-99c82fec4df8.htm" />
        <HelpTOCNode Title="GetColumnCount Method " Url="html/aec99632-0dfa-3ead-03c2-7df132b36bc7.htm" />
        <HelpTOCNode Title="GetColumnName Method " Url="html/e20b835b-0960-8335-104f-1d31b2ef644c.htm" />
        <HelpTOCNode Title="GetColumnType Method " Url="html/baf5dd6c-9ff8-2e75-a2e4-cd8a678b1ddc.htm" />
        <HelpTOCNode Title="GetColumnTypeName Method " Url="html/24558a90-8068-530a-6690-d71d89156b31.htm" />
        <HelpTOCNode Title="GetDataReader Method " Url="html/a67100e3-4fe4-e875-a0fe-19eba2ca66a4.htm" />
        <HelpTOCNode Title="GetDataTypeName Method " Url="html/6ade9710-2f56-f2d3-5e61-73d20a37eca8.htm" />
        <HelpTOCNode Id="dcd7e65b-78fe-4c34-bc5a-eaf0cd2907b5" Title="GetDate Method " Url="html/1d12faf5-3f22-a1fc-107f-f12df5088e65.htm">
          <HelpTOCNode Title="GetDate Method (Int32)" Url="html/83b5d581-a3aa-8e15-5f36-875aa326c48e.htm" />
          <HelpTOCNode Title="GetDate Method (Int32, String)" Url="html/57476dbd-9c3a-e12e-f526-5c1813ed7c3e.htm" />
        </HelpTOCNode>
        <HelpTOCNode Title="GetDateTime Method " Url="html/1d0e688c-404d-63b5-ec1f-f88523d635c6.htm" />
        <HelpTOCNode Title="GetDecimal Method " Url="html/bebc0858-507d-54ca-9f84-0c95c37a7d58.htm" />
        <HelpTOCNode Title="GetDouble Method " Url="html/c3d8f3d5-65bd-5066-ab5e-a4a539648db4.htm" />
        <HelpTOCNode Title="GetEnumerator Method " Url="html/9db094a5-7e68-e6fa-fa82-a79191ea2f34.htm" />
        <HelpTOCNode Title="GetFieldType Method " Url="html/7ac5b723-c986-caf4-e432-e2e2e6b1e949.htm" />
        <HelpTOCNode Title="GetFloat Method " Url="html/d5c9c717-b5a8-088c-1516-3e2b8d53885c.htm" />
        <HelpTOCNode Title="GetGuid Method " Url="html/9330908a-4cbc-4cc6-faa4-6a313c8b3210.htm" />
        <HelpTOCNode Title="GetInt Method " Url="html/f6e1428b-51f8-c696-609d-6602d43d3b75.htm" />
        <HelpTOCNode Title="GetInt16 Method " Url="html/a2d4bae0-c269-d349-a30f-77eef73a738d.htm" />
        <HelpTOCNode Title="GetInt32 Method " Url="html/1f09c040-f4a3-6b7d-de0d-dcd48919fbe5.htm" />
        <HelpTOCNode Title="GetInt64 Method " Url="html/3d2b25ba-53c1-5996-3cd1-a62a0f5f2727.htm" />
        <HelpTOCNode Title="GetName Method " Url="html/b2396498-bee3-4786-178d-840be6c2a933.htm" />
        <HelpTOCNode Id="b93bdfd3-52cf-435b-89d7-11e1c97906b2" Title="GetObject Method " Url="html/006b1b4b-bf47-9ecb-6249-f417fc1e5ad5.htm">
          <HelpTOCNode Title="GetObject Method (Int32)" Url="html/cf831de6-6a88-ec5a-9b89-5f73617e6f78.htm" />
          <HelpTOCNode Title="GetObject Method (String)" Url="html/7ec673d2-bf54-e6c2-fbae-107d8326d939.htm" />
        </HelpTOCNode>
        <HelpTOCNode Title="GetOid Method " Url="html/ec432838-823e-f134-c708-8a3ec4657b9d.htm" />
        <HelpTOCNode Title="GetOrdinal Method " Url="html/565f3b06-a897-3baf-438e-a4a1c3bfe1ba.htm" />
        <HelpTOCNode Title="GetSchemaTable Method " Url="html/cc74d47b-8250-2b0f-bb47-9f1349633a37.htm" />
        <HelpTOCNode Title="GetShort Method " Url="html/c9b68eed-4a5b-17b5-6724-9660087e0008.htm" />
        <HelpTOCNode Id="063de800-e684-480b-bb50-ae98d08a2121" Title="GetString Method " Url="html/f3d0d8c0-2309-d9fb-f793-ba0c0ed4a98a.htm">
          <HelpTOCNode Title="GetString Method (Int32)" Url="html/477bd231-ded4-87ba-61bb-2facafb1de6e.htm" />
          <HelpTOCNode Title="GetString Method (String)" Url="html/1e8a7deb-8b8f-a990-98c0-62f23c29824d.htm" />
        </HelpTOCNode>
        <HelpTOCNode Id="48348ec0-4b85-4a6c-a64a-8a3c41a09749" Title="GetTime Method " Url="html/a9d14448-515e-50d4-93be-6344b1339f8e.htm">
          <HelpTOCNode Title="GetTime Method (Int32)" Url="html/2b4fc926-f3c7-2467-c75a-da543d7696c0.htm" />
          <HelpTOCNode Title="GetTime Method (Int32, String)" Url="html/288de978-23b6-34eb-704e-dadf01871550.htm" />
        </HelpTOCNode>
        <HelpTOCNode Id="28edc805-623c-4986-b9dd-f12a83b5c489" Title="GetTimestamp Method " Url="html/baa4dbe8-aff1-7ed9-314a-e67118aa5efb.htm">
          <HelpTOCNode Title="GetTimestamp Method (Int32)" Url="html/0a8eea97-efb8-4c08-cdd8-2dd3cf5a43ea.htm" />
          <HelpTOCNode Title="GetTimestamp Method (Int32, String)" Url="html/db624d2b-5d5f-0689-7f6a-4951dde1cd52.htm" />
        </HelpTOCNode>
        <HelpTOCNode Title="GetValue Method " Url="html/1d598735-d55f-042e-9749-391b8f2c8e02.htm" />
        <HelpTOCNode Title="GetValues Method " Url="html/ae549ad1-95d0-9e7f-bed9-70906f6e0c5b.htm" />
        <HelpTOCNode Title="IsDBNull Method " Url="html/f77e87a7-7f94-d281-2e2f-2baa07d331b5.htm" />
        <HelpTOCNode Title="MemberwiseClone Method " Url="html/7cc46e3f-75c2-cca5-8f91-c82ff184809a.htm" />
        <HelpTOCNode Title="NextResult Method " Url="html/7623cd67-6ee0-1da3-01da-bfd2bb3b7d5d.htm" />
        <HelpTOCNode Title="Read Method " Url="html/cf347c29-d44a-01ba-883c-b5f9e56dc48e.htm" />
      </HelpTOCNode>
      <HelpTOCNode Id="348d978a-dd02-4793-a27e-14c383587885" Title="CUBRIDDataReader Properties" Url="html/8b2df521-cad3-c2f7-12de-17c808a52b03.htm">
        <HelpTOCNode Title="Depth Property " Url="html/59ffd2d3-53d9-118e-b6fb-e99d55827e44.htm" />
        <HelpTOCNode Title="FieldCount Property " Url="html/d039658d-d361-1fe7-87e6-a39dde27404d.htm" />
        <HelpTOCNode Title="HasRows Property " Url="html/616de916-ee8c-202d-81bc-49bc416cb1cf.htm" />
        <HelpTOCNode Title="IsClosed Property " Url="html/5e50b93e-e6c7-ac66-2ada-88450dfd05ca.htm" />
        <HelpTOCNode Id="c7b4dd94-a8ee-4490-b19d-31098b1d5046" Title="Item Property " Url="html/ba53c0fd-9c12-9089-859a-c83537714a7a.htm">
          <HelpTOCNode Title="Item Property (Int32)" Url="html/1686786c-01d6-493d-6e21-1353b5be4407.htm" />
          <HelpTOCNode Title="Item Property (String)" Url="html/ff710aa7-50ba-4f50-1f57-4e0d499bc029.htm" />
        </HelpTOCNode>
        <HelpTOCNode Title="RecordsAffected Property " Url="html/bc74f5d6-7362-1233-7e72-af415e7c9018.htm" />
        <HelpTOCNode Title="VisibleFieldCount Property " Url="html/729b2c5f-2282-b3fb-c9d8-157aeb42d5c5.htm" />
      </HelpTOCNode>
    </HelpTOCNode>
    <HelpTOCNode Title="CUBRIDDataType Enumeration" Url="html/9890b0bc-19f1-8871-bcac-15efc0f05838.htm" />
    <HelpTOCNode Id="0052576f-6702-40ee-9e0e-ad20a4c5fa3f" Title="CUBRIDException Class" Url="html/7f17ce29-3f3d-6560-2a4e-6b421827918e.htm">
      <HelpTOCNode Title="CUBRIDException Members" Url="html/d6538b11-c2f4-d167-8b28-58c7bc54f080.htm" />
      <HelpTOCNode Id="d7c44853-7e6d-48d8-8436-6737e91f0c97" Title="CUBRIDException Methods" Url="html/7de261cf-216e-e3b8-90dc-3c4e4e022d91.htm">
        <HelpTOCNode Title="GetObjectData Method " Url="html/71cddfcf-c597-4fed-b51a-ccb5b150a65e.htm" />
        <HelpTOCNode Title="GetStrTest Method " Url="html/907f96a2-824e-9d47-6006-3a95529b42fe.htm" />
      </HelpTOCNode>
      <HelpTOCNode Id="b24d9a2c-1be2-46fd-9ffc-934e174853fb" Title="CUBRIDException Properties" Url="html/fc3df4e5-6fb2-98c0-d36b-3a3cbb37170e.htm">
        <HelpTOCNode Title="ErrorCode Property " Url="html/4c52d945-fbd2-7fd8-f841-b6d622ebae78.htm" />
        <HelpTOCNode Title="Message Property " Url="html/512ac4e3-eaaa-b06c-cb28-3bdffa1a9fbf.htm" />
      </HelpTOCNode>
      <HelpTOCNode Title="CUBRIDException Events" Url="html/544b10f1-7fee-6f98-31be-f66f9aa60b03.htm" />
    </HelpTOCNode>
    <HelpTOCNode Title="CUBRIDException.CUBRIDErrorCode Enumeration" Url="html/fba6f04a-0531-c299-3973-5d2010cf6396.htm" />
    <HelpTOCNode Title="CUBRIDIsolationLevel Enumeration" Url="html/ff1b1526-d8dc-39cb-7909-806292ea66a2.htm" />
    <HelpTOCNode Id="a5b95555-0c5e-45a8-b1d0-ba3ce48d37ee" Title="CUBRIDMetaData Class" Url="html/6cecf8e5-3bce-b4ca-54ee-484b7a8e521a.htm">
      <HelpTOCNode Title="CUBRIDMetaData Members" Url="html/ba6bab33-0e8e-cd65-fc1f-8b1c06d34dda.htm" />
      <HelpTOCNode Title="CUBRIDMetaData Constructor " Url="html/2c378733-a108-4ea2-e5db-22ede2cee623.htm" />
      <HelpTOCNode Id="5f588ff9-4916-4dea-9b35-e78476785717" Title="CUBRIDMetaData Methods" Url="html/096466d2-42f7-5b7f-cb9d-2b8c1f3f86e3.htm">
        <HelpTOCNode Title="IsBitType Method " Url="html/c4dea684-e67e-3fc5-bfd3-7a8491e07b3c.htm" />
        <HelpTOCNode Title="IsCollectionType Method " Url="html/cbcd3f17-950c-bf5e-64b8-04d8a620b5a8.htm" />
        <HelpTOCNode Title="IsDateTimeType Method " Url="html/a3bc83ce-fafb-d02a-2d1d-19444480d382.htm" />
        <HelpTOCNode Title="IsLOBType Method " Url="html/071ed396-d67f-4124-028d-69ab47ea8127.htm" />
        <HelpTOCNode Title="IsNumericType Method " Url="html/36e83d19-ddf6-992d-38eb-5a775d9caa4f.htm" />
        <HelpTOCNode Title="IsTextType Method " Url="html/8d916097-ae7c-829c-0a65-999da81509d9.htm" />
        <HelpTOCNode Title="NameToType Method " Url="html/b62aa78f-c918-6760-93dc-97209ac6e391.htm" />
        <HelpTOCNode Title="SupportsScale Method " Url="html/417b76bb-dc28-97dd-2dbf-addf7bf41887.htm" />
      </HelpTOCNode>
    </HelpTOCNode>
    <HelpTOCNode Id="3c38025e-cc99-4eaa-83e9-6870d68dd96f" Title="CUBRIDOid Class" Url="html/9fdf5ed3-1997-7ee7-a2cd-c63b2b970bba.htm">
      <HelpTOCNode Title="CUBRIDOid Members" Url="html/e8e72489-a3d7-358a-ce17-bcdec4218758.htm" />
      <HelpTOCNode Id="2e111683-54e1-4268-a4c2-14b2a7a3a31a" Title="CUBRIDOid Constructor " Url="html/bc777d62-98b2-5ab7-35d3-429aabba8a70.htm">
        <HelpTOCNode Title="CUBRIDOid Constructor (Byte[])" Url="html/3f40e0f6-94a7-d40d-baef-6255760cfa7e.htm" />
        <HelpTOCNode Title="CUBRIDOid Constructor (String)" Url="html/ba49ee52-1b8e-886d-0128-92e4c9e9429e.htm" />
      </HelpTOCNode>
      <HelpTOCNode Id="f652cc6d-a566-4dc2-bca9-22ec93c00278" Title="CUBRIDOid Fields" Url="html/ba13b057-1f40-5759-f198-5180f7729b18.htm">
        <HelpTOCNode Title="OID_BYTE_SIZE Field" Url="html/7e57d5a3-5173-c40b-b1da-8cf890d3e2b2.htm" />
      </HelpTOCNode>
      <HelpTOCNode Id="2550fb84-f1d7-44cd-b2f9-d21d6e7c8e0c" Title="CUBRIDOid Methods" Url="html/adf51d35-1c48-df12-d471-e094acccaa7d.htm">
        <HelpTOCNode Title="Page Method " Url="html/70dceac0-f8d6-4235-008a-4f12e8b745f2.htm" />
        <HelpTOCNode Title="Slot Method " Url="html/b32c1a97-c84b-7c8b-3230-bd3b4a4cfc3a.htm" />
        <HelpTOCNode Title="ToString Method " Url="html/457d250d-d939-9751-ccc1-9df15d5813c2.htm" />
        <HelpTOCNode Title="Volume Method " Url="html/00e51d45-f662-8b5c-ced6-f5f96897f564.htm" />
      </HelpTOCNode>
      <HelpTOCNode Id="03d131c3-4418-415c-b140-0f1e031d1523" Title="CUBRIDOid Properties" Url="html/a57d552a-e379-9b86-8672-cdab5c33d0c2.htm">
        <HelpTOCNode Title="Oid Property " Url="html/af262364-30cc-d046-0876-dc6aaf06a2f6.htm" />
      </HelpTOCNode>
    </HelpTOCNode>
    <HelpTOCNode Id="2853f27e-ff2b-444a-9800-c0ef87b04115" Title="CUBRIDParameter Class" Url="html/76debd1a-8f61-5b82-bc14-fbb6e66e3a44.htm">
      <HelpTOCNode Title="CUBRIDParameter Members" Url="html/d7871982-4fa0-31ee-bf9e-c2345de1b440.htm" />
      <HelpTOCNode Id="53df5fd4-7934-449a-9c34-2798cafc8819" Title="CUBRIDParameter Constructor " Url="html/220dc2e9-313a-a60c-0b79-148dc7b4a733.htm">
        <HelpTOCNode Title="CUBRIDParameter Constructor " Url="html/324af640-804f-6d13-64ff-83af98361535.htm" />
        <HelpTOCNode Title="CUBRIDParameter Constructor (Object)" Url="html/779bc0dc-68c2-7f83-8e32-154be6c2ad2d.htm" />
        <HelpTOCNode Title="CUBRIDParameter Constructor (CUBRIDDataType)" Url="html/2d2371a5-05c9-7662-f9be-14e0ca1c40ff.htm" />
        <HelpTOCNode Title="CUBRIDParameter Constructor (String, CUBRIDDataType)" Url="html/cae022ee-0197-3af4-1bcb-e7fdef4522ac.htm" />
        <HelpTOCNode Title="CUBRIDParameter Constructor (String, DbType)" Url="html/5b467db3-13f2-5924-ec0a-2f6d32524b53.htm" />
        <HelpTOCNode Title="CUBRIDParameter Constructor (String, Object)" Url="html/cc103369-c217-d875-200d-2e820bd00308.htm" />
        <HelpTOCNode Title="CUBRIDParameter Constructor (String, CUBRIDDataType, Int32)" Url="html/cee8cee4-6340-812c-a517-c2c92720d833.htm" />
        <HelpTOCNode Title="CUBRIDParameter Constructor (String, CUBRIDDataType, Int32, String)" Url="html/1af5e6b6-0c94-2293-08bb-75106e37e056.htm" />
        <HelpTOCNode Title="CUBRIDParameter Constructor (String, CUBRIDDataType, ParameterDirection, String, DataRowVersion, Object)" Url="html/c7e957a7-3cf9-1a31-2a15-178d118f391a.htm" />
        <HelpTOCNode Title="CUBRIDParameter Constructor (String, DbType, ParameterDirection, String, DataRowVersion, Object)" Url="html/a4f76e89-8205-27a2-8800-67cbc813997b.htm" />
        <HelpTOCNode Title="CUBRIDParameter Constructor (String, CUBRIDDataType, Int32, ParameterDirection, Boolean, Byte, Byte, String, DataRowVersion, Object)" Url="html/5acd41cd-af6c-3279-b4cb-9d9667767c1c.htm" />
      </HelpTOCNode>
      <HelpTOCNode Id="77c1f6ef-5b34-473d-a95d-bf3c354e59e0" Title="CUBRIDParameter Methods" Url="html/b2fc5d0f-a3e3-d867-2e49-d7360a51739c.htm">
        <HelpTOCNode Title="ICloneable.Clone Method " Url="html/97fcb027-7e46-e4d3-77be-db55c7ec89af.htm" />
        <HelpTOCNode Title="Clone Method " Url="html/0b77063d-610b-4c15-9af2-61cd6705dffa.htm" />
        <HelpTOCNode Title="MemberwiseClone Method " Url="html/a69276e7-257b-e50c-648a-9001b6b28686.htm" />
        <HelpTOCNode Title="ResetDbType Method " Url="html/79f55b4c-3500-7cf4-a8a9-6302869eae5e.htm" />
        <HelpTOCNode Title="ToString Method " Url="html/14067acc-a87b-67a9-c1d6-ca12b0d40091.htm" />
      </HelpTOCNode>
      <HelpTOCNode Id="614a5992-0be0-4e55-a3fe-66f55d3fda52" Title="CUBRIDParameter Properties" Url="html/2d1b0916-973c-e70b-4028-fb55712f4d84.htm">
        <HelpTOCNode Title="CUBRIDDataType Property " Url="html/92a47400-5ca4-abf6-9dea-f9c3b9b66547.htm" />
        <HelpTOCNode Title="DbType Property " Url="html/a3e08e31-b0b5-1c84-5bf3-d99de68f3ab8.htm" />
        <HelpTOCNode Title="Direction Property " Url="html/6ba109d7-611b-4a4c-1404-4d383ac732c8.htm" />
        <HelpTOCNode Title="IsNullable Property " Url="html/55ff042c-789b-4548-5f47-fddb6be4cb3c.htm" />
        <HelpTOCNode Title="ParameterName Property " Url="html/297cbbbc-8f50-d30e-8376-49fb916d8dea.htm" />
        <HelpTOCNode Title="Precision Property " Url="html/1a34d1cd-e8cf-4a81-b048-cf0186622892.htm" />
        <HelpTOCNode Title="Scale Property " Url="html/3c2fef36-d8eb-f266-095d-13432a5b11aa.htm" />
        <HelpTOCNode Title="Size Property " Url="html/edcf6ebb-7cdb-26b8-3f80-e03540c63192.htm" />
        <HelpTOCNode Title="SourceColumn Property " Url="html/42ee37e7-2caa-e7ee-0a45-49a8eb7099ae.htm" />
        <HelpTOCNode Title="SourceColumnNullMapping Property " Url="html/fac97a6f-f8ef-fc19-390a-3a78f831791b.htm" />
        <HelpTOCNode Title="SourceVersion Property " Url="html/140715c0-e7f2-6f52-80ab-2e23a5d566fb.htm" />
        <HelpTOCNode Title="Value Property " Url="html/19a89434-6f16-ee80-9663-987edd300cef.htm" />
      </HelpTOCNode>
    </HelpTOCNode>
    <HelpTOCNode Id="e46ed7a6-c13f-4e6c-9dd0-f81049de958b" Title="CUBRIDParameterCollection Class" Url="html/1eff119b-e38b-a43d-0062-f6a126c669be.htm">
      <HelpTOCNode Title="CUBRIDParameterCollection Members" Url="html/f1dda0a6-5037-d62e-b684-87932c54a6fe.htm" />
      <HelpTOCNode Title="CUBRIDParameterCollection Constructor " Url="html/cdeb68ef-3d29-411c-7e9e-ce18e9bb5259.htm" />
      <HelpTOCNode Id="3c488798-502d-44f5-b71a-68491937925b" Title="CUBRIDParameterCollection Methods" Url="html/de8578f6-43a9-3687-9185-2fe70b767476.htm">
        <HelpTOCNode Id="bf58c64a-6003-4ff5-be79-7486ab6c32b5" Title="Add Method " Url="html/d28da055-c8e4-7dbc-1612-fe681b10746f.htm">
          <HelpTOCNode Title="Add Method " Url="html/f02b3ad7-f430-3e41-e761-365b04af91a1.htm" />
          <HelpTOCNode Title="Add Method (Object)" Url="html/af1a1a1e-d4fd-4bfb-a823-e73488534790.htm" />
          <HelpTOCNode Title="Add Method (String, CUBRIDDataType)" Url="html/dd50f916-64b3-e844-2193-a64847a6abe9.htm" />
          <HelpTOCNode Title="Add Method (String, CUBRIDDataType, Int32)" Url="html/b931c634-3c78-f5af-a9d6-e07a0208fb82.htm" />
        </HelpTOCNode>
        <HelpTOCNode Title="AddRange Method " Url="html/7fa641e0-02b9-bf51-2b8e-b282423c06ce.htm" />
        <HelpTOCNode Title="Clear Method " Url="html/7c627a07-3ab0-e2f9-cc2d-c455d2997004.htm" />
        <HelpTOCNode Id="b57c7215-fc56-4f71-ac7f-a87e471d59b2" Title="Contains Method " Url="html/4f477309-90a3-b800-b099-e1c3f07202c8.htm">
          <HelpTOCNode Title="Contains Method (Object)" Url="html/2d8e0964-5452-31e0-210d-6016436485fb.htm" />
          <HelpTOCNode Title="Contains Method (String)" Url="html/de036632-45a8-10a8-8924-32ad9e302fdd.htm" />
        </HelpTOCNode>
        <HelpTOCNode Title="CopyTo Method " Url="html/5cb84e76-1961-dbab-fa6f-3d4ccb2f3a0f.htm" />
        <HelpTOCNode Title="GetEnumerator Method " Url="html/72278d4c-2fb8-7aac-001f-aeb69a0b35a3.htm" />
        <HelpTOCNode Id="26b91a2b-bfa9-4f65-8e5b-03b64d486a6a" Title="GetParameter Method " Url="html/44ff8fa8-9a7e-1d7f-1e08-da756265cdaa.htm">
          <HelpTOCNode Title="GetParameter Method (Int32)" Url="html/4acc24a4-acdd-3684-e125-8c2e6362d4e3.htm" />
          <HelpTOCNode Title="GetParameter Method (String)" Url="html/6b5d2f9d-87cc-c972-20ea-d43b32d5480f.htm" />
        </HelpTOCNode>
        <HelpTOCNode Id="3eef92f4-113f-4f44-9a9c-48fbe6b5394c" Title="IndexOf Method " Url="html/b500f94d-6ee3-a4c6-77c2-4a7c102301d8.htm">
          <HelpTOCNode Title="IndexOf Method (Object)" Url="html/48860862-b182-4052-fdcf-0e269f25379d.htm" />
          <HelpTOCNode Title="IndexOf Method (String)" Url="html/44f0aa0a-6262-390b-17da-cf71e092020a.htm" />
        </HelpTOCNode>
        <HelpTOCNode Title="Insert Method " Url="html/a48be03d-c0ae-e4e4-f546-e850cb6c5aad.htm" />
        <HelpTOCNode Title="MemberwiseClone Method " Url="html/0a82ab54-2690-eca1-9d96-c0cb2aaa384f.htm" />
        <HelpTOCNode Title="Remove Method " Url="html/edbd2dd4-ca7b-ffac-2686-01373b116265.htm" />
        <HelpTOCNode Id="89d9c04e-b44b-4045-beb5-c8bf654c9dc5" Title="RemoveAt Method " Url="html/1eadb304-e8c6-33d6-cbc8-2147523403cc.htm">
          <HelpTOCNode Title="RemoveAt Method (Int32)" Url="html/b3237dd1-2626-1b85-dae0-8638e0e771fc.htm" />
          <HelpTOCNode Title="RemoveAt Method (String)" Url="html/eef02c2b-92d3-0412-1a49-87f2989a71b0.htm" />
        </HelpTOCNode>
        <HelpTOCNode Id="d2c51b91-1367-4772-9dfb-ab8375b25931" Title="SetParameter Method " Url="html/c90a9740-cc09-5955-b3d0-81f7a41612d7.htm">
          <HelpTOCNode Title="SetParameter Method (Int32, DbParameter)" Url="html/3c4d3137-907f-d45b-795c-f613bb255dd8.htm" />
          <HelpTOCNode Title="SetParameter Method (String, DbParameter)" Url="html/cfc196f3-fcc0-6aad-316c-7cf433673f3d.htm" />
        </HelpTOCNode>
      </HelpTOCNode>
      <HelpTOCNode Id="40e55b60-818c-4cd0-baf4-d4e3fe9ae198" Title="CUBRIDParameterCollection Properties" Url="html/82c56cf5-1ea3-3bc0-9aa7-1c30bd4da1c1.htm">
        <HelpTOCNode Title="Count Property " Url="html/21f5badd-c0c4-8165-40c4-08f29ec97b5d.htm" />
        <HelpTOCNode Title="IsFixedSize Property " Url="html/bf6fa3c6-be06-ccea-a06c-fa93c1d98162.htm" />
        <HelpTOCNode Title="IsReadOnly Property " Url="html/bdb53996-0ea2-a96b-3c44-4e2ebab69cba.htm" />
        <HelpTOCNode Title="IsSynchronized Property " Url="html/73a100ac-cd17-3fd6-c9a4-446f23c143b6.htm" />
        <HelpTOCNode Id="48bc7bc2-b678-4ed2-a08e-d47fb2b4f485" Title="Item Property " Url="html/2d62af5e-129a-5546-ea05-88d45b37ecfd.htm">
          <HelpTOCNode Title="Item Property (Int32)" Url="html/cc004efd-bb80-c3de-4bb9-d958a9dbf826.htm" />
          <HelpTOCNode Title="Item Property (String)" Url="html/102676c8-69ea-33fb-1fe7-aa79fe0a4700.htm" />
        </HelpTOCNode>
        <HelpTOCNode Title="SyncRoot Property " Url="html/52d484db-88af-8523-7f1b-9cc3c5aa6faf.htm" />
      </HelpTOCNode>
    </HelpTOCNode>
    <HelpTOCNode Id="0b0df766-8737-4f56-89a2-a67ca77fe7d5" Title="CUBRIDRowUpdatedEventArgs Class" Url="html/b5330308-40a7-7aa7-69fc-b71196f4a495.htm">
      <HelpTOCNode Title="CUBRIDRowUpdatedEventArgs Members" Url="html/308f7791-3434-bafd-445f-1f136c07fd7b.htm" />
      <HelpTOCNode Title="CUBRIDRowUpdatedEventArgs Constructor " Url="html/5e798439-a0ef-26bb-e9bf-94a17acea58a.htm" />
      <HelpTOCNode Id="6d514fe0-8198-4293-bae3-95ab190b81af" Title="CUBRIDRowUpdatedEventArgs Methods" Url="html/3ea2e42d-b6be-a675-7a6f-7c24baff939a.htm">
        <HelpTOCNode Title="CopyToRows Method " Url="html/3922e375-a371-c0b3-0665-2520be653287.htm" />
      </HelpTOCNode>
      <HelpTOCNode Id="09e49799-4ff4-44e0-a043-079094dea6ca" Title="CUBRIDRowUpdatedEventArgs Properties" Url="html/cee48f1f-89f6-c2d4-76d8-ad0f9eff36ad.htm">
        <HelpTOCNode Title="Command Property " Url="html/371badd5-391d-701e-7149-16d03878e538.htm" />
      </HelpTOCNode>
    </HelpTOCNode>
    <HelpTOCNode Title="CUBRIDRowUpdatedEventHandler Delegate" Url="html/33cf4fc2-60de-0ecf-d21c-c4c8a7008611.htm" />
    <HelpTOCNode Id="555b573a-7eb0-4e62-a42a-bea2ddac06c7" Title="CUBRIDRowUpdatingEventArgs Class" Url="html/2af1912b-1d7c-79f4-dc65-85f4ee00907a.htm">
      <HelpTOCNode Title="CUBRIDRowUpdatingEventArgs Members" Url="html/b9a37cfe-5969-7fec-d5a7-8c1db8c10315.htm" />
      <HelpTOCNode Title="CUBRIDRowUpdatingEventArgs Constructor " Url="html/2b34f2aa-e20a-6186-036a-a0e6b063177a.htm" />
      <HelpTOCNode Title="CUBRIDRowUpdatingEventArgs Methods" Url="html/6eb2a650-f61a-4122-ceae-1ce899a9b585.htm" />
      <HelpTOCNode Id="e9cb8641-6d75-4f71-9436-06b0b1a090fd" Title="CUBRIDRowUpdatingEventArgs Properties" Url="html/2fc29223-f369-802d-18ef-0d5313171f59.htm">
        <HelpTOCNode Title="Command Property " Url="html/c7973f78-cd66-d473-0790-a2c55ec82953.htm" />
      </HelpTOCNode>
    </HelpTOCNode>
    <HelpTOCNode Title="CUBRIDRowUpdatingEventHandler Delegate" Url="html/aff99fa9-b19d-346d-2fc7-7ef1883ac905.htm" />
    <HelpTOCNode Id="afedd11b-a522-4e16-8796-465689a66310" Title="CUBRIDSchemaProvider Class" Url="html/d5aac1e7-a7e6-4b37-6d49-7fcf1502436e.htm">
      <HelpTOCNode Title="CUBRIDSchemaProvider Members" Url="html/108428d3-65c8-3ada-c5a8-a65e7e997d6f.htm" />
      <HelpTOCNode Title="CUBRIDSchemaProvider Constructor " Url="html/a201d31e-4f59-aae6-f351-d11ab5b3d248.htm" />
      <HelpTOCNode Id="16cc73f9-df76-453b-8712-ee42b1d48df0" Title="CUBRIDSchemaProvider Fields" Url="html/c654c422-abc4-32db-4b87-9ed93e04ca2d.htm">
        <HelpTOCNode Title="conn Field" Url="html/8103f908-b204-a716-9fb6-6906cddacf00.htm" />
      </HelpTOCNode>
      <HelpTOCNode Id="b6b8eab6-301b-4ee0-bcad-ec2556c852fc" Title="CUBRIDSchemaProvider Methods" Url="html/9b9dc59f-833e-5e39-c049-91867481ed29.htm">
        <HelpTOCNode Title="FillTable Method " Url="html/40bfa0ef-98cf-7a5e-6613-9792f9365cb9.htm" />
        <HelpTOCNode Title="GetColumns Method " Url="html/9bb58e45-1355-849e-e331-6db4caa50349.htm" />
        <HelpTOCNode Title="GetCrossReferenceKeys Method " Url="html/b83cb00a-e6f4-489c-450a-825bf84e296f.htm" />
        <HelpTOCNode Title="GetDatabases Method " Url="html/a4d4e177-0a04-172a-2079-df58c20f6a80.htm" />
        <HelpTOCNode Title="GetDataTypes Method " Url="html/bb23856e-33b7-0708-b778-ad456f923179.htm" />
        <HelpTOCNode Title="GetExportedKeys Method " Url="html/80002b80-ef73-78fe-ec95-5de6312d11fd.htm" />
        <HelpTOCNode Title="GetForeignKeys Method " Url="html/a8617650-70d5-9fb0-c361-d08faca2454d.htm" />
        <HelpTOCNode Title="GetIndexColumns Method " Url="html/bd3e2900-e7ca-648b-9b3b-a1d616984faa.htm" />
        <HelpTOCNode Title="GetIndexes Method " Url="html/a2256c03-0d36-7838-1127-89571606d3a7.htm" />
        <HelpTOCNode Title="GetNumericFunctions Method " Url="html/df07e447-3726-f0cb-f988-49b76a358ae0.htm" />
        <HelpTOCNode Title="GetProcedures Method " Url="html/1e4a367f-fa5d-9027-1bdc-0b3729e64d1d.htm" />
        <HelpTOCNode Title="GetReservedWords Method " Url="html/846d98ff-a44a-5f24-dd14-5d3ba9bcb99a.htm" />
        <HelpTOCNode Title="GetSchema Method " Url="html/3fa6f3bf-ffde-11ed-2537-85f80777b38c.htm" />
        <HelpTOCNode Title="GetStringFunctions Method " Url="html/fa735ce7-3007-0678-5417-83ee45e00454.htm" />
        <HelpTOCNode Title="GetTables Method " Url="html/e80d6e0a-efc0-7c87-47b3-845e58314eb5.htm" />
        <HelpTOCNode Title="GetUsers Method " Url="html/f2579d7f-053c-8886-299a-428be3cee086.htm" />
        <HelpTOCNode Title="GetViews Method " Url="html/8206e67e-452c-1421-3ef6-5807053c5e66.htm" />
        <HelpTOCNode Title="QuoteDefaultValues Method " Url="html/2888eb21-0bbe-7a37-fa61-ddccb26bcbdf.htm" />
      </HelpTOCNode>
    </HelpTOCNode>
    <HelpTOCNode Title="CUBRIDStatementType Enumeration" Url="html/c515561a-6a90-a280-7c80-c0fe32b0ab01.htm" />
    <HelpTOCNode Id="5e0a7169-08c4-4335-af8f-9f4f5951c9db" Title="CUBRIDTransaction Class" Url="html/e800d747-7aeb-27d7-3ea8-d6346cebb753.htm">
      <HelpTOCNode Title="CUBRIDTransaction Members" Url="html/7233843f-213f-72aa-43f3-269cc41abfea.htm" />
      <HelpTOCNode Title="CUBRIDTransaction Constructor " Url="html/83adaebe-07a8-f81d-bf74-72a7c1865678.htm" />
      <HelpTOCNode Id="023a1503-394a-4a2d-a910-433a39e84e4f" Title="CUBRIDTransaction Methods" Url="html/76bf03b5-e010-c0f1-6ed8-cba899e819c8.htm">
        <HelpTOCNode Title="Commit Method " Url="html/d8b0f916-a271-cbbb-2ac0-43e1b8ad8e03.htm" />
        <HelpTOCNode Id="27480c43-5f1f-4de6-866e-f6e313e44c6e" Title="Dispose Method " Url="html/b0ec1b87-355f-f8e7-7463-0848abcccffb.htm">
          <HelpTOCNode Title="Dispose Method (Boolean)" Url="html/ed620a41-968f-3b17-c0da-d2f8715e75f7.htm" />
        </HelpTOCNode>
        <HelpTOCNode Title="MemberwiseClone Method " Url="html/d80a4ac8-5e67-6447-dc9b-31c6830e2b58.htm" />
        <HelpTOCNode Title="Rollback Method " Url="html/3387907a-ff3f-e9ff-3f72-bf96e92f046f.htm" />
      </HelpTOCNode>
      <HelpTOCNode Id="b03693b4-8b92-4acd-8247-b3fb287c3b59" Title="CUBRIDTransaction Properties" Url="html/3aaa0e94-8367-6c96-1dc2-15382a19d2a6.htm">
        <HelpTOCNode Title="Connection Property " Url="html/921bc222-fe8b-f248-6b6b-639ca83bdcba.htm" />
        <HelpTOCNode Title="CUBRIDIsolationLevel Property " Url="html/efdbc316-185b-51a3-a9f2-283943c65c96.htm" />
        <HelpTOCNode Title="DbConnection Property " Url="html/c67f8e85-31a9-5bb6-0f44-322b83a43980.htm" />
        <HelpTOCNode Title="IsolationLevel Property " Url="html/4b4d90ce-d4c2-577a-7a8f-aa3a3056b8d2.htm" />
      </HelpTOCNode>
    </HelpTOCNode>
    <HelpTOCNode Title="IsTrue Enumeration" Url="html/8a2d1496-a9ca-2600-4ae8-95925bbb679a.htm" />
  </HelpTOCNode>
</HelpTOC>
